,User,App,Slice,Throughput
0,0,1,1,3177.9109594310403
1,0,2,1,3399.6256775308802
2,1,1,1,26584.7714826624
3,1,2,1,31077.083614886404
4,2,1,1,0.0
5,2,2,1,0.0
6,3,1,1,0.0
7,3,2,1,0.0
8,4,1,1,0.0
9,4,2,1,0.0
10,5,1,1,0.0
11,5,2,1,0.0
12,6,3,2,0.0
13,6,4,2,0.0
14,7,3,2,0.0
15,7,4,2,0.0
16,8,3,2,0.0
17,8,4,2,0.0
18,9,3,2,12900.342616156802
19,9,4,2,6117.59923092864
20,10,3,2,20871.03893296128
21,10,4,2,19161.77281345152
22,11,5,3,0.0
23,12,5,3,0.0
24,13,5,3,0.0
25,14,5,3,5321.153234396161
