,User,App,Slice,Throughput
0,0,1,1,0.0
1,0,2,1,0.0
2,1,1,1,0.0
3,1,2,1,0.0
4,2,1,1,0.0
5,2,2,1,0.0
6,3,1,1,0.0
7,3,2,1,0.0
8,4,1,1,0.0
9,4,2,1,0.0
10,5,1,1,35868.2886430848
11,5,2,1,25978.181171980803
12,6,3,2,0.0
13,6,4,2,0.0
14,7,3,2,41584.2786893184
15,7,4,2,46281.007424870404
16,8,3,2,0.0
17,8,4,2,0.0
18,9,3,2,0.0
19,9,4,2,0.0
20,10,3,2,52569.2736430848
21,10,4,2,45197.4074364288
22,11,5,3,0.0
23,12,5,3,0.0
24,13,5,3,0.0
25,14,5,3,0.0
