,User,App,Slice,Throughput
0,0,1,1,8351.25438176064
1,0,2,1,7094.87097919488
2,1,1,1,0.0
3,1,2,1,0.0
4,2,1,1,0.0
5,2,2,1,0.0
6,3,1,1,0.0
7,3,2,1,0.0
8,4,1,1,0.0
9,4,2,1,0.0
10,5,1,1,0.0
11,5,2,1,0.0
12,6,3,2,0.0
13,6,4,2,0.0
14,7,3,2,0.0
15,7,4,2,0.0
16,8,3,2,0.0
17,8,4,2,0.0
18,9,3,2,0.0
19,9,4,2,0.0
20,10,3,2,12886.374337724163
21,10,4,2,11288.064342347521
22,11,5,3,29480.466663889925
23,12,5,3,43164.133553856
24,13,5,3,0.0
25,14,5,3,25549.030417935362
